INSERT INTO TB_CATEGORIA (ID, DESCRICAO) VALUES (1, 'Curso');
INSERT INTO TB_CATEGORIA (ID, DESCRICAO) VALUES (2, 'Oficina');

INSERT INTO TB_ATIVIDADE (ID, NOME, DESCRICAO, PRECO, CATEGORIA_ID) VALUES (1, 'Curso de HTML', 'Aprenda HTML de forma prática', 80.00, 1);
INSERT INTO TB_ATIVIDADE (ID, NOME, DESCRICAO, PRECO, CATEGORIA_ID) VALUES (2, 'Oficina de GitHub', 'Controle versões de seus projetos', 50.00,2);

INSERT INTO TB_PARTICIPANTE (ID, NOME, EMAIL) VALUES (1, 'José Silva', 'jose@gmail.com');
INSERT INTO TB_PARTICIPANTE (ID, NOME, EMAIL) VALUES (2, 'Tiago Faria', 'tiago@gmail.com');
INSERT INTO TB_PARTICIPANTE (ID, NOME, EMAIL) VALUES (3, 'Maria do Rosário', 'maria@gmail.com');
INSERT INTO TB_PARTICIPANTE (ID, NOME, EMAIL) VALUES (4, 'Teresa Silva', 'teresa@gmail.com');

INSERT INTO TB_BLOCO (ID, INICIO, FIM, ATIVIDADE_ID) VALUES (1, '2017-09-25T08:00:00Z', '2017-09-25T11:00:00Z', 1);

INSERT INTO TB_BLOCO (ID, INICIO, FIM, ATIVIDADE_ID) VALUES (2, '2017-09-25T14:00:00Z', '2017-09-25T18:00:00Z', 2);

INSERT INTO TB_BLOCO (ID, INICIO, FIM, ATIVIDADE_ID) VALUES (3, '2017-09-26T08:00:00Z', '2017-09-26T11:00:00Z', 2);

INSERT INTO TB_ATIVIDADE_PARTICIPANTE (ATIVIDADE_ID, PARTICIPANTE_ID) VALUES (1,1);
INSERT INTO TB_ATIVIDADE_PARTICIPANTE (ATIVIDADE_ID, PARTICIPANTE_ID) VALUES (1,2);
INSERT INTO TB_ATIVIDADE_PARTICIPANTE (ATIVIDADE_ID, PARTICIPANTE_ID) VALUES (1,3);
INSERT INTO TB_ATIVIDADE_PARTICIPANTE (ATIVIDADE_ID, PARTICIPANTE_ID) VALUES (2,3);
INSERT INTO TB_ATIVIDADE_PARTICIPANTE (ATIVIDADE_ID, PARTICIPANTE_ID) VALUES (2,4);